http://www.reddit.com/r/SampleSize/comments/18fon5/trying_to_understand_how_much_privacy_you_think/	Answers	Attestation	Notes	
2013-02-12T18:39:57Z	answer	human	wills test.	
2013-02-12T19:06:48Z	00000000000000000000000000000000000000000000000000000000000000001000000000000000000000000000000000000000000000000000000000000	d16.11584d73.53u16.95u73.8d32.24d80.80u32.3u80.100d82.33d79.87u82.8u79.56d77.41u77.111d73.16d83.64d69.40u73.2u83.53d32.8u69.39d84.48u32.32u84.40d72.33d65.24u72.71d84.8u65.32u84.48d32.9d84.88u32.31d72.32u84.32u72.48d73.1d83.72u73.16d32.24u83.47u32.48d73.8d83.63u73.23d32.65u83.15u32.56d77.24u77.71d89.121u89.71d32.1d70.80u32.23u70.64d73.17d82.80u73.7u82.48d83.41d84.88u83.23u84.48d32.1d84.96d73.32u32.2u84.37u73.32d77.32d69.57u77.55d32.1u69.31u32.40d67.73d79.63u67.47u79.40d77.73u77.79d80.97u80.39d76.96d69.105u76.2d84.118u69.23u84.72d73.16u73.64d78.49d71.56u78.39u71.16d32.16d84.97u32.6d72.25u84.39u72.31d73.24d83.33u73.39d32.24u83.40u32.48d83.56u83.64d85.88u85.104d82.32u82.63d86.114u86.95d69.56u69.64d89.8u89.71d190.145u190.63		
2013-02-12T20:49:00Z	00000000000000000000000000000000000000000000000000000000000000000000000000000000000000000000000000000000000000000000000000000	d16.9280d73.32u16.111d32.49u73.23u32.128d80.89u80.119u80.1d82.0d79.96u82.23u79.112d77.153u77.159d73.425d83.56u83.79u73.8d69.65u69.111d32.65u32.135d84.128d72.48u84.55u72.64d65.49d84.103u65.15u84.104d32.40u32.111d84.265d72.64u84.31u72.104u72.1d73.0d83.112u73.31u83.80d32.337u32.103d73.9d83.104u73.55d32.41u83.23u32.80d77.49u77.71d89.128u89.79d32.57u32.111d70.281u70.71d73.41d82.71u73.48u82.87d83.146d84.128u83.23d32.89u84.15u32.120d84.25d73.80u84.47u73.64d77.41d69.112u77.23u69.64d32.24u32.144d67.33u67.95u67.1d79.0u79.119u79.1d77.0d80.72u77.47u80.48d76.81d69.88u76.31u69.64d84.17u84.119d73.289u73.143d78.57d71.64u78.39u71.64d32.65u32.95d84.25d72.80u84.47d73.65u72.31d83.65u73.31u83.72d32.41u32.103d83.73d85.80u83.7u85.112u85.1d82.0u82.103d86.193u86.111d69.105u69.111d89.25u89.127d190.137u190.127d8.841u8.95d190.545u190.103		
2013-02-12T20:54:13Z	00000000000000000000000000000000000000000000000000000000000000000000000000000000000000000000000000000000000000000000000000000	d17.6705d86.64u17.62u86.88		
2013-02-12T21:15:10Z	11110000000000000000000000000000100001100001000000000001000001110000100000000000000000100011000100000000000000001000001000001	d16.35079d73.80u73.80u16.16d32.40u32.120d80.47u80.88d82.32u82.96d79.7u79.81d77.80u77.88d73.32d83.80u73.39d69.24u83.48u69.56d32.16d84.80u32.16u84.96d72.39d65.49u72.40u65.120d84.40d32.88u84.7u32.97d84.32d72.95u84.17u72.87d73.8d83.57u73.39d32.57u83.16u32.72d73.16d83.39u73.49d32.40u83.23u32.65d77.15u77.73d89.136u89.88d32.0d70.80u32.32u70.63d73.49d82.64u73.31u82.39d83.73d84.136u83.31d32.33u84.16u32.96d84.39d73.65u84.16u73.56d77.39u77.112d69.7d32.65u69.39u32.57d67.95d79.96u67.15u79.57d77.56u77.80d80.56u80.64d76.96d69.64u76.39u69.24d84.48d73.96u84.3u73.52d78.49d71.48u78.56u71.31d32.33d84.127u32.8u84.119d72.49d73.72u72.16u73.104d83.32d32.72u83.16u32.88d83.23u83.89d85.31u85.91d82.14u82.72d86.136u86.72d69.72d89.72u69.15u89.72d190.168u190.31		
on Reddit				
2013-02-13T09:26:51Z	11101111011111111111111111110110001100111001111111111011110111111111111111101101000010000111111111111110100001000010000111111	d17.384400d86.167u86.120u17.312		
2013-02-13T14:19:37Z	11101011001111110000111011110101100111111000011101111010110000000100001110101101011001111110000111010110101100111111000011101	d16.407804d73.84d32.106u16.37u73.43u32.57d80.62d82.127u80.7d79.109u82.7u79.104d77.272d73.106u77.85u73.58d83.71u83.121d69.741u69.101d32.68d84.74u32.26d72.69u84.26d65.21u72.75d84.10d32.58u65.22u84.37u32.52d84.11u84.122d72.5d73.133u72.84d83.10u73.69d32.46u83.7u32.105d73.66d83.101u73.31d32.90u83.6u32.88d77.42u77.101d89.94d32.96u89.52u32.43d70.233d73.68u70.16d82.68u73.21u82.74d83.85u83.122d84.31u84.90d32.10d84.84u32.15u84.106d73.4d77.47d69.85u73.7u77.51d32.47u69.7u32.105d67.107d79.47u67.47d77.10u79.58u77.43d80.73d76.47u80.85d69.10u76.42u69.48d84.57u84.90d73.63d78.63u73.58d71.16u78.37d32.48u71.15d84.80u32.21d72.32u84.42d73.64d83.42u72.27u73.58d32.16u83.15u32.85d83.488d85.106u83.16u85.79d82.37u82.84d86.400d69.75u86.68d89.32u69.16u89.79d190.3039u190.79		
2013-02-13T18:51:35Z	11111111111111111111111111111100000111110000011111111111100111011111011111111111111111111111111111110110100000000000000011111	d16.154913d65.99u16.26u65.60d78.49d89.73u78.50u89.19d32.45u32.102d82.191u82.76d79.31u79.85d66.105u66.96u66.4d79.3u79.113d84.4u79.5u84.65d32.40u32.103d67.189d65.92u67.24u65.87d78.40u78.100u78.4d32.3u32.91d67.73u67.109d79.35u79.74d80.102d89.92u80.25u89.79d32.25u32.104d65.2u32.10d78.49u65.36d68.68u78.36d32.43u68.18u32.83d80.35d65.82u80.60u65.58d83.58u83.153d84.152d69.89u84.49u69.87u69.4d32.3u32.92d84.379u84.90u84.3d72.3d65.55u72.47u72.3d84.3d32.59u65.23u84.21u32.66d83.61d69.135u83.24u69.111u69.3d78.3u78.108d84.95u84.67u84.3d69.2u69.116d78.85d67.74u78.34d69.42u67.51u69.69d188.2923d32.80u188.45u32.27d66.4u32.4u66.71d85.53u85.101d84.4u85.4u84.63u84.4d32.3u32.78d65.23d32.65u65.15u32.115d72.2u32.5u72.75d85.95u85.74d77.115u77.93d65.4u77.4u65.87u65.3d78.3d32.47u78.36u32.83d67.3u32.4u67.100u67.3d65.4d78.77u65.16d32.41u78.36u32.55d84.23d72.66u84.15d73.56u72.59u73.25d78.55d75.95d32.87u78.60u75.0u78.3u75.4u32.54d70.48u70.85u70.3d79.1u79.108d82.3u79.4u82.66u82.4d32.3u32.95d84.3u32.4d72.53u84.32u72.87u72.4d69.3u69.88d77.28u77.116d83.87d69.132u83.30u69.67d76.59u76.87d86.3u76.5u86.67d69.93d83.110u69.19u83.61d16.684d49.584u49.89u16.21d17.7066d88.260u88.120u17.21d17.3130d86.61u86.104u17.26		
2013-02-13T19:15:02Z	10000010000000000000000000000000000000000000000000000000000000000000000000000000000000000000000000000000000000000000000000000	d17.159727d86.369u17.89u86.58		
2013-02-13T19:17:21Z	11111100001111111110111111100110001100011001111111111111100111101111111111101000010000100011011111111110111100110011101111111	d17.1164009d86.76u86.151u17.47d8.1104u8.94		
2013-02-13T23:26:10Z	11101111011111111111111111110111101100101001011111111011110111111111111111111100111001111111111111110110101101100011000111111	d70.414079d85.141u70.9u85.48d91.8085d86.200u91.252d8.557u8.81		
2013-02-14T00:07:01Z	11101111111111110011111111111111111111111001111111111111111111111100111111101101100011000100001111110110100001100010000111111	d16.215778d73.211u16.106u73.34d32.73u32.102d80.106u80.70d82.123u82.103d79.48u79.105d77.75u77.105d73.167u73.107d83.138u83.107d69.74u69.104d32.82u32.108d84.72u84.107d72.57u72.71d65.29u65.104d84.4u84.64d32.73u32.108d84.52u84.103d72.54u72.72d65.7u65.71d73.40u73.111d83.39u83.75d8.395u8.73d8.68u8.104d8.247u8.69d73.159u73.71d83.29u83.102d32.101u32.104d73.119u73.74d83.2u83.66d32.83u32.104d77.206u77.70d89.81u89.104d32.56u32.105d70.118u70.103d73.88u73.104d82.10u82.106d83.163u83.106d84.76u84.104d32.59u32.107d84.102u84.104d73.395u73.104d77.5u77.71d69.155u69.106d32.132u32.105d67.63u67.69d79.68u79.104d77.6u77.102d80.410u80.106d76.131u76.71d69.114u69.104d84.176u84.104d73.206u73.104d78.82u78.106d71.77u71.106d32.92u32.73d84.197u84.117d72.32u72.113d73.7u73.67d83.15u83.107d32.42u32.141d83.39u83.110d85.71u85.110d82.19u82.67d86.454u86.148d69.73u69.149d89.264u89.77d190.419u190.105		
2013-02-14T02:06:06Z	11101111011111111111111111110111101111111111111111111011110111111111111111111101111011111111111111110110101101111111111111111	d8.669123u8.96d8.560u8.56d190.680u190.120		
2013-02-14T03:13:35Z	11111100001101110011111111110110000110111000011001111010000010000000000010101100000000000100000111110110000000000000000011100	d16.315555d73.128u16.107u73.32d32.49u32.101d80.65u80.165d82.39u82.185d79.26d77.109u79.67u77.75d73.198u73.105d83.89u83.214d69.324u69.135d32.88u32.94d84.18u84.63d72.100u72.71d65.56d84.91u65.62u84.32d32.461u32.100d84.26u84.73d72.106d73.106u72.32u73.56d83.19d32.87u83.26u32.34d73.28u73.106d83.5d32.57u83.45u32.40d77.88u77.112d89.210u89.116d32.386u32.92d70.721u70.128d73.38d82.78u73.29d83.72u82.60d84.108u83.53u84.86d32.7u32.78d84.24d73.99u84.67d77.26u73.93u77.63d69.24d32.98u69.28u32.84d67.18d79.99u67.72d77.19u79.58u77.37d80.62d76.84u80.77d69.55u76.16u69.242d84.92u84.147d73.195d78.112u73.83d71.10u78.43u71.61d32.41d84.92u32.12u84.103d72.100u72.113d73.45u73.122d83.15u83.103d32.12d83.102u32.9u83.122d85.223u85.100d84.13u84.105d8.357d82.78u8.26u82.94d86.113u86.123d69.67d89.143u69.57u89.65d13.374u13.103		
2013-02-14T04:54:49Z	11101111011111110101111111100111011110011000111111111011110111111101011111101100011001111111101111110110001100111111110111111	d16.318966d73.120u16.92d32.41u73.10u32.118d80.47d82.109u80.15d79.104u82.7u79.88d77.125d79.136u77.5d73.55d67.5u73.36u79.35u67.1d8.273u8.71d8.80u8.110d73.46u73.124d83.2u83.173d69.160d32.111u69.4u32.76d84.54d72.46u84.47u72.61d65.2d84.55d32.29u65.30u84.21u32.81d84.2d72.19d73.64u84.29u72.55u73.31d83.29d32.57u83.45d73.26u32.48d83.51u73.33d32.56u83.37u32.57d77.36u77.130d89.1d32.85u89.5u32.75d70.85d73.55u70.5u73.81d82.192u82.143d83.46u83.181d84.200d32.89u84.20d84.95u32.16d73.71u84.31u73.38d77.112u77.94d69.2d32.61u69.45u32.43d67.125d79.37u79.58u67.27d77.88u77.62d80.114u80.54d76.110d69.61u76.49u69.45d84.16d69.110u84.24u69.95d73.24u73.62d78.136u78.60d8.274u8.73d8.76u8.63d8.80d73.84u8.33u73.45d78.128d71.54u78.54u71.41d32.17d84.85u32.46d72.4d73.74u84.4u72.24u73.65d83.2d32.109u83.7u32.99d83.5u83.113d85.169d82.44u85.56u82.46d86.145u86.101d69.71u69.95d89.81u89.118d190.24u190.96d8.2850u8.71		
2013-02-14T05:55:56Z	11101111011111110001111111110110001100111000111111111011110111111111011111111101111011001111101111110110000000100001000011111	d91.549984d86.1u91.106		
2013-02-14T18:43:44Z	11101101011011110100111011110110001100110000011101111011000111011110011000011101100011001110100111010110000000000100000011101	d16.154940d73.106u73.105u16.71d32.22u32.103d80.408u80.108d82.3u82.102d79.2u79.67d77.99u77.104d69.3u69.66d32.146u32.54d8.381u8.72d8.83u8.34d73.210u73.71d83.35u83.105d69.68d32.69u69.35u32.70d84.29u84.105d72.2u72.32d65.57d84.67u65.72u84.2d32.104u32.106d84.1d72.102u84.36u72.3d73.87u73.104d83.7u83.72d32.32u32.69d73.98u73.69d83.72u83.104d32.19u32.67d77.84u77.70d89.3u89.101d32.8u32.102d70.40u70.140d73.2u73.68d82.20u82.104d83.105u83.70d84.113u84.106d32.9u32.69d84.4u84.107d73.3u73.66d77.86u77.71d69.2u69.101d32.99u32.105d67.30u67.108d79.2u79.67d77.83u77.69d80.107u80.68d76.89u76.103d69.3u69.68d84.156u84.136d73.4u73.68d78.2d71.67u78.71d32.34u71.35u32.71d84.374u84.106d72.2u72.103d73.127u73.105d83.3u83.100d32.18u32.103d83.216u83.140d85.2u85.66d82.24u82.106d86.85d69.107u86.35u69.69d89.158u89.104d190.1573u190.70		
2013-02-14T21:22:12Z	11111110111101110000110011111110011100110000010001111111001110011100001000101100010001001110000000010000000000000000000000000	d16.318498d73.73u73.228u16.2d32.1u32.56d80.34u80.104d82.70u82.95d79.2u79.105d77.285u77.155d73.3u73.113d83.32u83.94d69.74u69.89d32.30u32.90d84.3u84.80d72.44d65.61u72.39d84.46u65.58d32.17u84.16u32.82d84.4u84.89d72.26d73.47u72.54u73.61d83.2u83.84d32.25d73.492u32.7u73.1d83.1d32.6u83.6u32.12d77.1u77.65d89.1u89.87d32.3u32.122d70.22u70.131d73.22d82.84u73.7d83.133u82.45d84.105u83.67u84.37d32.2u32.127d84.23u84.71d73.48d77.71u73.43u77.47d69.3u69.86d32.2u32.108d67.31u67.94d79.31d77.84u79.34u77.84d80.35d76.89u80.54u76.73d69.3d84.103u69.63u84.46d73.26d78.84u73.44d71.50u78.8d32.57u71.279u32.1d84.1d72.7u84.6d69.1u72.18u69.51d8.271u8.86d73.110u73.98d83.22d32.70u83.27d83.71u32.18u83.81d85.56u85.85d82.50u82.70d86.129u86.117d69.2u69.77d89.102u89.89d190.64u190.76		
2013-02-14T21:46:30Z	11101110111001101000111111111100000000000000011111111110000000000111111111100000000000000000000000000000000000000000000011111	d16.188225d73.105u16.54u73.41d32.1u32.111d80.88d79.128u80.16u79.23d82.99u82.85d8.137u8.48d8.81u8.55d82.32u82.72d79.24d77.66u79.32d73.94u77.24d83.65u73.6d69.72u83.48d32.57u69.22u32.48d84.249u84.79d72.9d65.56u72.15d84.48d32.48u84.16u32.23u65.9d84.48d72.32u84.39d73.24u72.17d83.31u73.23d32.48u83.16u32.39d73.17u73.72d83.0d32.64u83.40d77.32u32.17u77.63d89.105d32.55u89.9d70.80u32.23u70.56d73.25d82.56u73.6u82.64d83.25d84.64u83.55d32.9u84.23u32.40d84.49d73.64u84.8d77.56u73.31d69.25u77.47d32.16u69.23u32.47d67.49d79.72u67.23d80.72u79.31d76.152u80.2u76.94d8.336u8.72d8.56u8.71d77.152d80.121d76.41u77.5u80.49d69.64u76.24d84.26u69.6d69.96u84.24u69.64d73.385d78.96u73.31u78.96d71.9d32.80u71.139u32.0d8.197u8.57d8.159u8.74d8.79u8.71d8.72u8.71d8.73u8.79d84.537u84.95d8.361u8.79d69.9u69.79d73.121d78.40u73.40d71.48u78.8d32.73u71.31u32.56d8.289u8.47d8.88u8.64d8.64u8.80d8.89u8.87d8.794u8.77d73.225d78.57u73.15d71.97u78.7d32.65u71.26u32.53d84.64d72.56u84.24u72.65d73.1u73.93d83.24d32.56u83.48u32.48d83.97u83.87d85.201u85.104d82.56u82.63d86.176u86.71d69.129u69.72d89.8u89.64		
2013-02-17T19:46:06Z	11100111111111111010111110110000000111111000011111011001111111111111111111101000000000000010000111110110000000000000000001100	d13.287082u13.103		
End of first trial				
2013-03-08T18:44:08Z	0000000000000000000000000000000000000000000000000000000000000000000000000000000000000000000000000000	d91.6459d86.35u91.75u86.8		
2013-03-08T18:46:57Z	0000000000000000000000000000000000000000000000000000000000000000000000000000000000000000000000000000	d91.4195d86.47u91.87		
2013-03-08T18:47:19Z	0000000000000000000000000000000000000000000000000000000000000000000000000000000000000000000000000000	d91.3609d86.50u91.87u86.8		
2013-03-08T18:50:06Z	111111111111111111111111110001100011000100000111111111111111001111111111111111110011111001110011100100001100011000110001	d91.65686d86.62u91.80u86.32d91.727d65.331u91.94u65.8d8.114u8.78d91.2071d86.63u91.41u86.26d8.656u8.79		
2013-03-10T02:16:06Z	1111111111111111111111111100011000110001000001111111111111110011111111111111111100111110011100111001undefined	none	?n	
2013-03-10T07:22:49Z	111111110111101111011111110001100011110111001110011100111001111111100111001110010011111001110011100100101100000000000001	none	?r	reddit
2013-03-10T07:42:06Z	111111011110001111011100110001100011100111011110111001111011111111111110001111111101111001100011101111101100011000110001	none	?r	
2013-03-10T14:51:33Z	111111111111111111111111110001100001111100000111111111111111111111111111111111110011111001110011100111111100011000010001	none	?r	
2013-03-10T15:32:31Z	111111110111101111011111110001100011000111111111011110111101111111110111101111011111111101111011110111111100011000100001	none	?r	
2013-03-10T15:33:20Z	111011000110001111111110110001100011111111111100011000111111000000000000000000000000000000000000000000001100001000000001	none	?r	
2013-03-10T18:43:22Z	111111000110001100011100110001100011000111111100011000110001001111000110001100010000110001100011000110001100011000110001	none	?r	
2013-03-10T23:54:30Z	000000000000000000000000000000000000000000000000000000000000000000000000000000000000000000000000000000000000000000000000	none	none	